Workbook

Sheet Task Brief
A1: T45 Training feedback analyser
A2: Mini project | 30 marks | Build something with free LLM tools
A4: Task ID | B4: T45
A5: Task | B5: Training feedback analyser
A6: Theme | B6: AI text analytics
A7: Suggested free tools | B7: Free tiers of ChatGPT, Gemini, Claude or Microsoft Copilot; Excel / Google Sheets to score results
A8: What students do | B8: 1. Summarise ratings by course and trainer. 2. Theme the comments with an LLM and check a sample by hand. 3. Rank courses to redesign. 4. Draft feedback notes for trainers.
A9: Deliverables | B9: Course scorecard; comment themes; trainer notes; AI-use log
A10: Dataset in this file | B10: 300 training feedback forms - 'Training Feedback' sheet: 300 rows x 10 columns
A11: About the data | B11: All data is synthetic and created for teaching; companies, people and figures are fictional. Treat it as if it were real business data. If a 'Gold Labels (evaluation)' sheet is present, do NOT give it to the AI tool - use it only at the end to measure your accuracy.
A12: Team size | B12: Individual (or pairs if your faculty allows)
A13: Responsible AI rules | B13: Use only free tools; never paste real personal or confidential data into public AI tools; verify every number the AI gives you; disclose AI-generated content.
A14: Submission | B14: 1) Build link / file / screen recording 2) This workbook with your outputs added as new sheets 3) Completed 'AI Use Log' sheet (minimum 15 entries) 4) 3-5 page report with recommendation and reflection
A16: Evaluation rubric (30 marks)
A17: Criterion | B17: What is assessed | C17: Marks | D17: Excellent | E17: Good | F17: Fair | G17: Poor
A18: 1. Working build | B18: Tool / bot / app / automation works end to end on the provided data; link, file or screen recording submitted | C18: 8 | D18: Runs fully (7-8) | E18: Minor gaps (5-6) | F18: Partly working (3-4) | G18: Not working (0-2)
A19: 2. Correctness and verification | B19: Outputs checked against the data or gold labels; accuracy measured; errors found and fixed | C19: 7 | D19: Systematic checks with numbers (6-7) | E19: Some checks (4-5) | F19: Few checks (2-3) | G19: None (0-1)
A20: 3. Prompting and iteration | B20: Clear, structured prompts; at least 3 documented improvement rounds with reasons | C20: 5 | D20: Strong iteration (5) | E20: Some iteration (3-4) | F20: Mostly one-shot (2) | G20: No log (0-1)
A21: 4. Business insight and recommendation | B21: Specific, data-backed recommendation for the stated manager or customer | C21: 6 | D21: Actionable and quantified (6) | E21: Sound but generic (4-5) | F21: Descriptive only (2-3) | G21: Missing (0-1)
A22: 5. Documentation and reflection | B22: Complete AI-use log, limitations, responsible-AI notes and personal reflection | C22: 4 | D22: Complete and honest (4) | E22: Mostly complete (3) | F22: Thin (2) | G22: Missing (0-1)
A23: Total | C23: =SUM(C18:C22) -> 30

Sheet Course Scorecard
A1: Course | B1: Responses | C1: Content Relevance | D1: Trainer Effectiveness | E1: Pace | F1: Likely to Apply | G1: Overall Score
A2: Advanced Excel | B2: =COUNTIF('Training Feedback'!B:B,A2) -> 40 | C2: =AVERAGEIF('Training Feedback'!B:B,A2,'Training Feedback'!F:F) -> 3.825 | D2: =AVERAGEIF('Training Feedback'!B:B,A2,'Training Feedback'!G:G) -> 3.5 | E2: =AVERAGEIF('Training Feedback'!B:B,A2,'Training Feedback'!H:H) -> 3.75 | F2: =AVERAGEIF('Training Feedback'!B:B,A2,'Training Feedback'!I:I) -> 3.65 | G2: =AVERAGE(C2:F2) -> 3.68125
A3: Consultative Selling | B3: =COUNTIF('Training Feedback'!B:B,A3) -> 56 | C3: =AVERAGEIF('Training Feedback'!B:B,A3,'Training Feedback'!F:F) -> 3.7321429 | D3: =AVERAGEIF('Training Feedback'!B:B,A3,'Training Feedback'!G:G) -> 3.5714286 | E3: =AVERAGEIF('Training Feedback'!B:B,A3,'Training Feedback'!H:H) -> 3.7857143 | F3: =AVERAGEIF('Training Feedback'!B:B,A3,'Training Feedback'!I:I) -> 3.6964286 | G3: =AVERAGE(C3:F3) -> 3.6964286
A4: Data Storytelling | B4: =COUNTIF('Training Feedback'!B:B,A4) -> 51 | C4: =AVERAGEIF('Training Feedback'!B:B,A4,'Training Feedback'!F:F) -> 3.9803922 | D4: =AVERAGEIF('Training Feedback'!B:B,A4,'Training Feedback'!G:G) -> 3.6470588 | E4: =AVERAGEIF('Training Feedback'!B:B,A4,'Training Feedback'!H:H) -> 3.7647059 | F4: =AVERAGEIF('Training Feedback'!B:B,A4,'Training Feedback'!I:I) -> 3.9607843 | G4: =AVERAGE(C4:F4) -> 3.8382353
A5: GenAI for Managers | B5: =COUNTIF('Training Feedback'!B:B,A5) -> 53 | C5: =AVERAGEIF('Training Feedback'!B:B,A5,'Training Feedback'!F:F) -> 3.6415094 | D5: =AVERAGEIF('Training Feedback'!B:B,A5,'Training Feedback'!G:G) -> 3.6037736 | E5: =AVERAGEIF('Training Feedback'!B:B,A5,'Training Feedback'!H:H) -> 3.6037736 | F5: =AVERAGEIF('Training Feedback'!B:B,A5,'Training Feedback'!I:I) -> 3.5283019 | G5: =AVERAGE(C5:F5) -> 3.5943396
A6: Leadership Essentials | B6: =COUNTIF('Training Feedback'!B:B,A6) -> 47 | C6: =AVERAGEIF('Training Feedback'!B:B,A6,'Training Feedback'!F:F) -> 3.7021277 | D6: =AVERAGEIF('Training Feedback'!B:B,A6,'Training Feedback'!G:G) -> 3.787234 | E6: =AVERAGEIF('Training Feedback'!B:B,A6,'Training Feedback'!H:H) -> 3.787234 | F6: =AVERAGEIF('Training Feedback'!B:B,A6,'Training Feedback'!I:I) -> 3.6808511 | G6: =AVERAGE(C6:F6) -> 3.7393617
A7: POSH Awareness | B7: =COUNTIF('Training Feedback'!B:B,A7) -> 53 | C7: =AVERAGEIF('Training Feedback'!B:B,A7,'Training Feedback'!F:F) -> 3.6415094 | D7: =AVERAGEIF('Training Feedback'!B:B,A7,'Training Feedback'!G:G) -> 3.5849057 | E7: =AVERAGEIF('Training Feedback'!B:B,A7,'Training Feedback'!H:H) -> 3.6226415 | F7: =AVERAGEIF('Training Feedback'!B:B,A7,'Training Feedback'!I:I) -> 3.5849057 | G7: =AVERAGE(C7:F7) -> 3.6084906

Sheet Course Redesign Ranking
A1: Course | B1: Responses | C1: Content Relevance | D1: Trainer Effectiveness | E1: Pace | F1: Likely to Apply | G1: Overall Average | H1: Course Redesign Rank | I1: Course Redesign Priority
A2: ='Course Scorecard'!A2 -> Advanced Excel | B2: ='Course Scorecard'!B2 -> 40 | C2: ='Course Scorecard'!C2 -> 3.825 | D2: ='Course Scorecard'!D2 -> 3.5 | E2: ='Course Scorecard'!E2 -> 3.75 | F2: ='Course Scorecard'!F2 -> 3.65 | G2: ='Course Scorecard'!G2 -> 3.68125 | H2: =_xlfn.RANK.EQ(G2,$G$2:$G$7,1) -> 3 | I2: =IF(H2<=3,"High",IF(H2=4,"Medium","Low")) -> High
A3: ='Course Scorecard'!A3 -> Consultative Selling | B3: ='Course Scorecard'!B3 -> 56 | C3: ='Course Scorecard'!C3 -> 3.7321429 | D3: ='Course Scorecard'!D3 -> 3.5714286 | E3: ='Course Scorecard'!E3 -> 3.7857143 | F3: ='Course Scorecard'!F3 -> 3.6964286 | G3: ='Course Scorecard'!G3 -> 3.6964286 | H3: =_xlfn.RANK.EQ(G3,$G$2:$G$7,1) -> 4 | I3: =IF(H3<=3,"High",IF(H3=4,"Medium","Low")) -> Medium
A4: ='Course Scorecard'!A4 -> Data Storytelling | B4: ='Course Scorecard'!B4 -> 51 | C4: ='Course Scorecard'!C4 -> 3.9803922 | D4: ='Course Scorecard'!D4 -> 3.6470588 | E4: ='Course Scorecard'!E4 -> 3.7647059 | F4: ='Course Scorecard'!F4 -> 3.9607843 | G4: ='Course Scorecard'!G4 -> 3.8382353 | H4: =_xlfn.RANK.EQ(G4,$G$2:$G$7,1) -> 6 | I4: =IF(H4<=3,"High",IF(H4=4,"Medium","Low")) -> Low
A5: ='Course Scorecard'!A5 -> GenAI for Managers | B5: ='Course Scorecard'!B5 -> 53 | C5: ='Course Scorecard'!C5 -> 3.6415094 | D5: ='Course Scorecard'!D5 -> 3.6037736 | E5: ='Course Scorecard'!E5 -> 3.6037736 | F5: ='Course Scorecard'!F5 -> 3.5283019 | G5: ='Course Scorecard'!G5 -> 3.5943396 | H5: =_xlfn.RANK.EQ(G5,$G$2:$G$7,1) -> 1 | I5: =IF(H5<=3,"High",IF(H5=4,"Medium","Low")) -> High
A6: ='Course Scorecard'!A6 -> Leadership Essentials | B6: ='Course Scorecard'!B6 -> 47 | C6: ='Course Scorecard'!C6 -> 3.7021277 | D6: ='Course Scorecard'!D6 -> 3.787234 | E6: ='Course Scorecard'!E6 -> 3.787234 | F6: ='Course Scorecard'!F6 -> 3.6808511 | G6: ='Course Scorecard'!G6 -> 3.7393617 | H6: =_xlfn.RANK.EQ(G6,$G$2:$G$7,1) -> 5 | I6: =IF(H6<=3,"High",IF(H6=4,"Medium","Low")) -> Low
A7: ='Course Scorecard'!A7 -> POSH Awareness | B7: ='Course Scorecard'!B7 -> 53 | C7: ='Course Scorecard'!C7 -> 3.6415094 | D7: ='Course Scorecard'!D7 -> 3.5849057 | E7: ='Course Scorecard'!E7 -> 3.6226415 | F7: ='Course Scorecard'!F7 -> 3.5849057 | G7: ='Course Scorecard'!G7 -> 3.6084906 | H7: =_xlfn.RANK.EQ(G7,$G$2:$G$7,1) -> 2 | I7: =IF(H7<=3,"High",IF(H7=4,"Medium","Low")) -> High

Sheet Dashboard
A1: Course | B1: Overall Score | D1: Total Responses | E1: Number of Courses | F1: Number of Trainers
A2: ='Course Scorecard'!A2 -> Advanced Excel | B2: ='Course Scorecard'!G2 -> 3.68125 | D2: 300 | E2: 6 | F2: 3
A3: ='Course Scorecard'!A3 -> Consultative Selling | B3: ='Course Scorecard'!G3 -> 3.6964286
A4: ='Course Scorecard'!A4 -> Data Storytelling | B4: ='Course Scorecard'!G4 -> 3.8382353
A5: ='Course Scorecard'!A5 -> GenAI for Managers | B5: ='Course Scorecard'!G5 -> 3.5943396
A6: ='Course Scorecard'!A6 -> Leadership Essentials | B6: ='Course Scorecard'!G6 -> 3.7393617
A7: ='Course Scorecard'!A7 -> POSH Awareness | B7: ='Course Scorecard'!G7 -> 3.6084906
A26: Key Findings
A27: Highest-rated Course | B27: =INDEX(A2:A7,MATCH(MAX(B2:B7),B2:B7,0))&" – "&TEXT(MAX(B2:B7),"0.00") -> Data Storytelling – 3.84
A28: Lowest-rated Course | B28: =INDEX(A2:A7,MATCH(MIN(B2:B7),B2:B7,0))&" – "&TEXT(MIN(B2:B7),"0.00") -> GenAI for Managers – 3.59
A29: Improvement Priority | B29: Review GenAI for Managers' content and practical application.

Sheet Comment Themes
A1: Theme | B1: What Participants Said | C1: Number of Comments | D1: Recommended Action
A2: Content relevance | B2: Content was too basic for experienced staff | C2: =COUNTIF('Training Feedback'!J:J,"*Pace was just right*")+COUNTIF('Training Feedback'!J:J,"*ran over time*") -> 120 | D2: Adjust content difficulty for experienced participants and reduce theory.
A3: Trainer effectiveness | B3: The trainer used real examples from our work | C3: =COUNTIF('Training Feedback'!J:J,"*Hands-on exercises*")+COUNTIF('Training Feedback'!J:J,"*apply the Excel shortcuts*") -> 125 | D3: Continue using real workplace examples.
A4: Pace of session | B4: Pace was just right; Session ran over time and felt rushed at the end | C4: =COUNTIF('Training Feedback'!J:J,"*trainer used real examples*") -> 73 | D4: Keep the session pace balanced and manage time better.
A5: Practical application | B5: Hands-on exercises were very useful; I can apply the Excel shortcuts from tomorrow; Too much theory, not enough practice | C5: =COUNTIF('Training Feedback'!J:J,"*too basic*")+COUNTIF('Training Feedback'!J:J,"*Too much theory*") -> 98 | D5: Include more hands-on exercises and practical activities.
A6: Training Facilities & Equipment | B6: Room was noisy and the projector kept failing | C6: =COUNTIF('Training Feedback'!J:J,"*Room was noisy*") -> 39 | D6: Check the room and test the projector before each session.

Sheet Trainer Notes
A1: Trainer | B1: Strengths | C1: Areas to Improve | D1: Recommended Action | E1: Content Relevance | F1: Trainer Effectiveness | G1: Pace | H1: Likely to Apply
A2: Trainer 1 - Internal | B2: Content relevance scored 3.79; participants rated trainer effectiveness 3.58. | C2: Trainer effectiveness and pace scored lower than content relevance. | D2: Use more interactive exercises and check understanding throughout the session. | E2: =AVERAGEIF('Training Feedback'!C:C,A2,'Training Feedback'!F:F) -> 3.7913043 | F2: =AVERAGEIF('Training Feedback'!C:C,A2,'Training Feedback'!G:G) -> 3.5826087 | G2: =AVERAGEIF('Training Feedback'!C:C,A2,'Training Feedback'!H:H) -> 3.6521739 | H2: =AVERAGEIF('Training Feedback'!C:C,A2,'Training Feedback'!I:I) -> 3.6521739
A3: Trainer 2 - External | B3: Pace scored 3.73, and trainer effectiveness scored 3.63. | C3: Likely to apply scored 3.63; strengthen the link between training and workplace application. | D3: Include practical activities and examples that participants can use at work. | E3: =AVERAGEIF('Training Feedback'!C:C,A3,'Training Feedback'!F:F) -> 3.7216495 | F3: =AVERAGEIF('Training Feedback'!C:C,A3,'Training Feedback'!G:G) -> 3.628866 | G3: =AVERAGEIF('Training Feedback'!C:C,A3,'Training Feedback'!H:H) -> 3.7319588 | H3: =AVERAGEIF('Training Feedback'!C:C,A3,'Training Feedback'!I:I) -> 3.628866
A4: Trainer 3 - External | B4: Likely to apply scored 3.78, and pace scored 3.78. | C4: Trainer effectiveness scored 3.65, the lowest of the four rating dimensions. | D4: Improve delivery and participant engagement by encouraging questions, checking understanding, and using interactive activities. | E4: =AVERAGEIF('Training Feedback'!C:C,A4,'Training Feedback'!F:F) -> 3.7272727 | F4: =AVERAGEIF('Training Feedback'!C:C,A4,'Training Feedback'!G:G) -> 3.6477273 | G4: =AVERAGEIF('Training Feedback'!C:C,A4,'Training Feedback'!H:H) -> 3.7840909 | H4: =AVERAGEIF('Training Feedback'!C:C,A4,'Training Feedback'!I:I) -> 3.7840909
A6: Note: A single feedback response may mention more than one theme. Therefore, the total number of comments across themes may exceed the total number of feedback responses (300).

Sheet AI Theme Validation
A1: Response ID | B1: Participant Comment | C1: AI-Generated Theme(s) | D1: Manually Assigned Theme(s) | E1: Validation Result | F1: Reason for Mismatch | G1: Validation Sample?
A2: ='Training Feedback'!A2 -> FB0001 | B2: ='Training Feedback'!J2 -> Pace was just right. Hands-on exercises were very useful. | C2: Pace of Session; Practical Application | D2: Pace Of Session, Practical Application | E2: Match | G2: Yes
A3: ='Training Feedback'!A3 -> FB0002 | B3: ='Training Feedback'!J3 -> Pace was just right. The trainer used real examples from our work. | C3: Trainer Effectiveness; Pace of Session | D3: Pace of Session, Trainer Effectiveness | E3: Match | G3: Yes
A4: ='Training Feedback'!A4 -> FB0003 | B4: ='Training Feedback'!J4 -> Content was too basic for experienced staff. | C4: Content Relevance | D4: Content Relevance | E4: Match | G4: Yes
A5: ='Training Feedback'!A5 -> FB0004 | B5: ='Training Feedback'!J5 -> I can apply the Excel shortcuts from tomorrow. | C5: Practical Application | D5: Practical Application | E5: Match | G5: Yes
A6: ='Training Feedback'!A6 -> FB0005 | B6: ='Training Feedback'!J6 -> The trainer used real examples from our work. | C6: Trainer Effectiveness | D6: Trainer Effectiveness | E6: Match | G6: Yes
A7: ='Training Feedback'!A7 -> FB0006 | B7: ='Training Feedback'!J7 -> Session ran over time and felt rushed at the end. Too much theory, not enough practice. | C7: Pace of Session; Practical Application | D7: Pace Of Session, Practical Application | E7: Match | G7: Yes
A8: ='Training Feedback'!A8 -> FB0007 | B8: ='Training Feedback'!J8 -> Pace was just right. | C8: Pace of Session | D8: Pace Of Session | E8: Match | G8: Yes
A9: ='Training Feedback'!A9 -> FB0008 | B9: ='Training Feedback'!J9 -> Content was too basic for experienced staff. Room was noisy and the projector kept failing. | C9: Content Relevance; Training Facilities & Equipment | D9: Content Relevance, Training Facilities & Equipment | E9: Match | G9: Yes
A10: ='Training Feedback'!A10 -> FB0009 | B10: ='Training Feedback'!J10 -> Hands-on exercises were very useful. Pace was just right. | C10: Pace of Session; Practical Application | D10: Pace of Session, Practical Application | E10: Match | G10: Yes
A11: ='Training Feedback'!A11 -> FB0010 | B11: ='Training Feedback'!J11 -> Session ran over time and felt rushed at the end. | C11: Pace of Session | D11: Pace of Session | E11: Match | G11: Yes
A12: ='Training Feedback'!A12 -> FB0011 | B12: ='Training Feedback'!J12 -> I can apply the Excel shortcuts from tomorrow. The trainer used real examples from our work. | C12: Trainer Effectiveness; Practical Application | D12: Practical Application, Trainer Effectiveness | E12: Match | G12: Yes
A13: ='Training Feedback'!A13 -> FB0012 | B13: ='Training Feedback'!J13 -> I can apply the Excel shortcuts from tomorrow. Pace was just right. | C13: Pace of Session; Practical Application | D13: Practical Application, Pace of Session | E13: Match | G13: Yes
... A31: ='Training Feedback'!A31 -> FB0030 | B31: ='Training Feedback'!J31 -> Hands-on exercises were very useful. | C31: Practical Application | D31: Practical Application | E31: Match | G31: Yes
A32: ='Training Feedback'!A32 -> FB0031 | B32: ='Training Feedback'!J32 -> Too much theory, not enough practice. Room was noisy and the projector kept failing. | C32: Practical Application; Training Facilities & Equipment
A33: ='Training Feedback'!A33 -> FB0032 | B33: ='Training Feedback'!J33 -> Content was too basic for experienced staff. | C33: Content Relevance
A34: ='Training Feedback'!A34 -> FB0033 | B34: ='Training Feedback'!J34 -> Pace was just right. Hands-on exercises were very useful. | C34: Pace of Session; Practical Application
A35: ='Training Feedback'!A35 -> FB0034 | B35: ='Training Feedback'!J35 -> The trainer used real examples from our work. Pace was just right. | C35: Trainer Effectiveness; Pace of Session
A36: ='Training Feedback'!A36 -> FB0035 | B36: ='Training Feedback'!J36 -> I can apply the Excel shortcuts from tomorrow. The trainer used real examples from our work. | C36: Trainer Effectiveness; Practical Application
A37: ='Training Feedback'!A37 -> FB0036 | B37: ='Training Feedback'!J37 -> Hands-on exercises were very useful. I can apply the Excel shortcuts from tomorrow. | C37: Practical Application
A38: ='Training Feedback'!A38 -> FB0037 | B38: ='Training Feedback'!J38 -> Room was noisy and the projector kept failing. Too much theory, not enough practice. | C38: Practical Application; Training Facilities & Equipment
A39: ='Training Feedback'!A39 -> FB0038 | B39: ='Training Feedback'!J39 -> Session ran over time and felt rushed at the end. | C39: Pace of Session
A40: ='Training Feedback'!A40 -> FB0039 | B40: ='Training Feedback'!J40 -> Hands-on exercises were very useful. | C40: Practical Application
A41: ='Training Feedback'!A41 -> FB0040 | B41: ='Training Feedback'!J41 -> I can apply the Excel shortcuts from tomorrow. Pace was just right. | C41: Pace of Session; Practical Application
A42: ='Training Feedback'!A42 -> FB0041 | B42: ='Training Feedback'!J42 -> The trainer used real examples from our work. I can apply the Excel shortcuts from tomorrow. | C42: Trainer Effectiveness; Practical Application
A43: ='Training Feedback'!A43 -> FB0042 | B43: ='Training Feedback'!J43 -> I can apply the Excel shortcuts from tomorrow. The trainer used real examples from our work. | C43: Trainer Effectiveness; Practical Application
... A301: ='Training Feedback'!A301 -> FB0300 | B301: ='Training Feedback'!J301 -> Content was too basic for experienced staff. | C301: Content Relevance
A306: Validation metric | B306: Result
A307: Total feedback comments | B307: =COUNTA(A2:A301) -> 300
A308: Comments manually checked | B308: =COUNTIF(G2:G301,"Yes") -> 30
A309: Exact-match results | B309: =COUNTIFS(G2:G301,"Yes",E2:E301,"Match") -> 30
A310: Exact-match accuracy | B310: =IFERROR(COUNTIFS(G2:G301,"Yes",E2:E301,"Match")/COUNTIFS(G2:G301,"Yes",D2:D301,"<>",E2:E301,"<>Pending manual classification"),0) -> 1

Sheet Training Feedback
A1: feedback_id | B1: course | C1: trainer | D1: session_date | E1: mode | F1: content_relevance_1to5 | G1: trainer_effectiveness_1to5 | H1: pace_1to5 | I1: likely_to_apply_1to5 | J1: comments
A2: FB0001 | B2: GenAI for Managers | C2: Trainer 2 - External | D2: 45814 | E2: Virtual | F2: 4 | G2: 4 | H2: 3 | I2: 5 | J2: Pace was just right. Hands-on exercises were very useful.
A3: FB0002 | B3: Leadership Essentials | C3: Trainer 1 - Internal | D3: 45967 | E3: Virtual | F3: 5 | G3: 5 | H3: 5 | I3: 5 | J3: Pace was just right. The trainer used real examples from our work.
A4: FB0003 | B4: Data Storytelling | C4: Trainer 1 - Internal | D4: 45809 | E4: Virtual | F4: 4 | G4: 2 | H4: 2 | I4: 3 | J4: Content was too basic for experienced staff.
A5: FB0004 | B5: Consultative Selling | C5: Trainer 2 - External | D5: 45993 | E5: Classroom | F5: 3 | G5: 4 | H5: 4 | I5: 4 | J5: I can apply the Excel shortcuts from tomorrow.
A6: FB0005 | B6: POSH Awareness | C6: Trainer 1 - Internal | D6: 45914 | E6: Classroom | F6: 4 | G6: 4 | H6: 5 | I6: 4 | J6: The trainer used real examples from our work.
A7: FB0006 | B7: Data Storytelling | C7: Trainer 2 - External | D7: 45990 | E7: Classroom | F7: 3 | G7: 2 | H7: 2 | I7: 3 | J7: Session ran over time and felt rushed at the end. Too much theory, not enough practice.
A8: FB0007 | B8: GenAI for Managers | C8: Trainer 2 - External | D8: 45898 | E8: Virtual | F8: 5 | G8: 4 | H8: 4 | I8: 4 | J8: Pace was just right.
A9: FB0008 | B9: Consultative Selling | C9: Trainer 3 - External | D9: 46029 | E9: Virtual | F9: 3 | G9: 4 | H9: 3 | I9: 2 | J9: Content was too basic for experienced staff. Room was noisy and the projector kept failing.
A10: FB0009 | B10: Leadership Essentials | C10: Trainer 1 - Internal | D10: 45894 | E10: Classroom | F10: 5 | G10: 4 | H10: 5 | I10: 4 | J10: Hands-on exercises were very useful. Pace was just right.
A11: FB0010 | B11: GenAI for Managers | C11: Trainer 1 - Internal | D11: 45958 | E11: Classroom | F11: 4 | G11: 1 | H11: 3 | I11: 3 | J11: Session ran over time and felt rushed at the end.
A12: FB0011 | B12: Data Storytelling | C12: Trainer 1 - Internal | D12: 45839 | E12: Classroom | F12: 5 | G12: 5 | H12: 4 | I12: 4 | J12: I can apply the Excel shortcuts from tomorrow. The trainer used real examples from our work.
A13: FB0012 | B13: POSH Awareness | C13: Trainer 1 - Internal | D13: 45911 | E13: Classroom | F13: 5 | G13: 3 | H13: 4 | I13: 5 | J13: I can apply the Excel shortcuts from tomorrow. Pace was just right.
... A301: FB0300 | B301: Leadership Essentials | C301: Trainer 3 - External | D301: 45853 | E301: Classroom | F301: 3 | G301: 1 | H301: 4 | I301: 3 | J301: Content was too basic for experienced staff.

Sheet Data Dictionary
A1: sheet | B1: column | C1: data_type | D1: example_value | E1: non_empty_values | F1: distinct_values
A2: Training Feedback | B2: feedback_id | C2: Text | D2: FB0001 | E2: 300 | F2: 300
A3: Training Feedback | B3: course | C3: Text | D3: GenAI for Managers | E3: 300 | F3: 6
A4: Training Feedback | B4: trainer | C4: Text | D4: Trainer 2 - External | E4: 300 | F4: 3
A5: Training Feedback | B5: session_date | C5: Date/time | D5: 2025-06-06 | E5: 300 | F5: 182
A6: Training Feedback | B6: mode | C6: Text | D6: Virtual | E6: 300 | F6: 2
A7: Training Feedback | B7: content_relevance_1to5 | C7: Whole number | D7: 4 | E7: 300 | F7: 5
A8: Training Feedback | B8: trainer_effectiveness_1to5 | C8: Whole number | D8: 4 | E8: 300 | F8: 5
A9: Training Feedback | B9: pace_1to5 | C9: Whole number | D9: 3 | E9: 300 | F9: 4
A10: Training Feedback | B10: likely_to_apply_1to5 | C10: Whole number | D10: 5 | E10: 300 | F10: 4
A11: Training Feedback | B11: comments | C11: Text | D11: Pace was just right. Hands-on exercises were very useful. | E11: 300 | F11: 32

Sheet AI Use Log
A1: AI Use Log - fill one row per prompt (minimum 15). Yellow cells are for you to fill; row 4 is an example.
A2: Evidence = shared chat link or screenshot file name. Keep rejected outputs too - they earn marks under 'Prompting and iteration'.
A3: # | B3: date | C3: tool | D3: model / mode | E3: settings used (if any) | F3: prompt (exact text) | G3: what the output did well / badly | H3: what I changed next and why | I3: kept or rejected | J3: evidence link / file
A4: 1 | B4: 46034 | C4: Gemini (free) | D4: Gemini app, default | E4: - | F4: You are a business analyst. Using the attached sheet for 'Training feedback analyser', list the first 3 steps to build it and what could go wrong. | G4: Clear steps, but assumed a column that does not exist | H4: Told it the exact column names and asked it to recheck | I4: Rejected | J4: screenshot_01.png
A5: =ROW(A1) -> 1 | B5: 46304 | C5: ChatGPT | D5: ChatGPT 5.6 Luna | E5: Default settings; workbook context used where applicable | F5: Analyse my T45_Training_feedback_analyzer.xlsx dataset for the Training Feedback Analyser project. Identify the number of records, columns, data types, rating fields, comment field, unique courses, trainers, training modes, missing values and duplicate records. Summarise the dataset structure and explain what insights can be derived from it. | G5: The output produced exactly what was required so no changes were made | H5: NA | I5: Kept | J5: https://chatgpt.com/s/t_6ac924065edc8191839fe6988466a2e4
A6: =ROW(A2) -> 2 | B6: 46304 | C6: ChatGPT | D6: ChatGPT 5.6 Luna | E6: Default settings; workbook context used where applicable | F6: Examine the training feedback dataset for data quality issues, including missing comments, inconsistent category names, invalid ratings, duplicate feedback IDs and date-format inconsistencies. Recommend appropriate handling methods without modifying or inventing any source records. | G6: The output produced exactly what was required so no changes were made | H6: NA | I6: Kept | J6: https://chatgpt.com/s/t_6ac9258c3f7c819198a4ebae49dbecda
A7: =ROW(A3) -> 3 | B7: 46304 | C7: ChatGPT | D7: ChatGPT 5.6 Luna | E7: Default settings; workbook context used where applicable | F7: Based on the Training Feedback Analyser project, define its main objectives, intended users, functional requirements and expected deliverables. Include feedback analysis, rating summaries, course and trainer comparisons, sentiment classification, comment themes, filters and AI classification verification. | G7: The output produced exactly what was required so no changes were made | H7: NA | I7: Kept | J7: https://chatgpt.com/s/t_6ac925babb3c81918b6345a40b64597a
A8: =ROW(A4) -> 4 | B8: 46304 | C8: ChatGPT | D8: ChatGPT 5.6 Luna | E8: Default settings; workbook context used where applicable | F8: Recommend meaningful KPIs for a training feedback dashboard using the available dataset. Consider total responses, average overall rating, number of courses analysed, negative comment count, sentiment distribution and course-level performance. Explain the calculation and interpretation of each KPI and identify any data fields required. | G8: The output produced exactly what was required so no changes were made | H8: NA | I8: Kept | J8: https://chatgpt.com/s/t_6ac926258d008191b94c893054fcb614
A9: =ROW(A5) -> 5 | B9: 46304 | C9: ChatGPT | D9: ChatGPT 5.6 Luna | E9: Default settings; workbook context used where applicable | F9: Design a sentiment classification methodology for written training feedback. Categorise comments as Positive, Negative or Neutral based on their wording, not their numerical ratings. Define classification rules for praise, complaints, factual statements, mixed opinions and ambiguous comments. Provide illustrative examples for each category. | G9: The output produced exactly what was required so no changes were made | H9: NA | I9: Kept | J9: https://chatgpt.com/s/t_6ac92812f0b88191a43b58f26998542a
A10: =ROW(A6) -> 6 | B10: 46304 | C10: ChatGPT | D10: ChatGPT 5.6 Luna | E10: Default settings; workbook context used where applicable | F10: Create a reliable prompt for Gemini to classify training feedback comments into Positive, Negative or Neutral and identify a concise comment theme, summary and suggested action. Require structured JSON output, preserve comment-to-record mapping, avoid using ratings to infer sentiment, and never invent comments or classifications unsupported by the text. | G10: The prompt was specific and requested a broad dataset profile, so it helped establish the analysis scope. The findings still need to be checked against the actual workbook; any counts or data types should not be accepted without verification. | H10: I checked the dataset structure and field names against the supplied workbook, then used the confirmed fields for later prompts. This reduces the risk of building charts or calculations around columns that do not exist. | I10: Kept | J10: https://chatgpt.com/s/t_6ac92812f0b88191a43b58f26998542a
A11: =ROW(A7) -> 7 | B11: 46304 | C11: ChatGPT | D11: ChatGPT 5.6 Luna | E11: Default settings; workbook context used where applicable | F11: Recommend an approach for classifying repeated comments efficiently in the 300-record training feedback dataset. Explain how to identify unique comment texts, classify each unique text once, map the resulting labels back to all matching feedback records, preserve record IDs and handle blank comments safely. | G11: It focused on practical data-quality risks and explicitly said not to invent or alter source records. The recommendations were useful as a checklist, but potential issues should be distinguished from issues actually found in the file. | H11: I kept the original records unchanged and checked each suggested issue against the available columns and values. I would only clean or exclude records when the problem is confirmed and the handling decision can be documented. | I11: Kept | J11: https://chatgpt.com/s/t_6ac92825e3308191aa7ffc34cca12214
A12: =ROW(A8) -> 8 | B12: 46304 | C12: ChatGPT | D12: ChatGPT 5.6 Luna | E12: Default settings; workbook context used where applicable | F12: Plan a React-based Training Feedback Analyser using Vite, Chart.js, react-chartjs-2 and Papa Parse. The application should accept a user-uploaded CSV, process the data in the browser, display analytical KPIs and charts, support filtering, analyse comments and provide AI verification. Propose a suitable component structure and explain the purpose of each main file. | G12: It translated the assignment into clear objectives, users, features and deliverables, including sentiment analysis and verification. Some requirements could be broader than what the supplied dataset or final implementation can support. | H12: I aligned the feature list with the actual dataset and the project rubric, separating features that can be calculated directly from the data from AI-assisted features that need testing. This keeps the scope realistic and traceable. | I12: Kept | J12: https://chatgpt.com/s/t_6ac9284e4bdc81919a8752c9fd4efad6
A13: =ROW(A9) -> 9 | B13: 46304 | C13: ChatGPT | D13: ChatGPT 5.6 Luna | E13: Default settings; workbook context used where applicable | F13: Design a clean, professional and responsive React dashboard for the Training Feedback Analyser. Include sidebar navigation, CSV upload, KPI cards, course performance, comment analysis, AI verification and feedback records. Use a consistent colour palette, readable typography, clear chart labels, responsive layouts and accessible controls. | G13: It suggested useful dashboard KPIs and asked for both calculation methods and interpretation. Some metrics depend on the availability and quality of specific fields, so the formulas could be misleading if applied to missing or non-numeric values. | H13: I mapped each KPI to an existing dataset field and checked how blanks should be handled. I retained only metrics that can be calculated from the available data and made the calculation basis explicit. | I13: Kept | J13: https://chatgpt.com/s/t_6ac9284e4bdc81919a8752c9fd4efad6
A14: =ROW(A10) -> 10 | B14: 46304 | C14: ChatGPT | D14: ChatGPT 5.6 Luna | E14: Default settings; workbook context used where applicable | F14: Implement CSV upload in React using Papa Parse. Read the uploaded file, recognise the feedback ID, course, trainer, date, training mode, rating fields and comments column, handle common header variations and invalid rows, and update the dashboard dynamically. Do not hardcode the 300 source records or require a sentiment column in the original input file. | G14: It established text-based Positive, Negative and Neutral rules and addressed mixed or ambiguous comments. Rule-based examples may not cover every context, sarcasm or comments with both praise and criticism. | H14: I used the categories as a consistent starting rubric and treated unclear or mixed comments cautiously rather than relying on numerical ratings. This makes the sentiment decision easier to explain during manual verification. | I14: Kept | J14: https://chatgpt.com/s/m_6ac9285ab1a081918b769c446215e7e1
A15: =ROW(A11) -> 11 | B15: 46304 | C15: ChatGPT | D15: ChatGPT 5.6 Luna | E15: Default settings; workbook context used where applicable | F15: Implement dynamic dashboard calculations for response count, average rating, course comparisons and sentiment summaries. Add filters for course, trainer, training mode, sentiment and date range. Ensure that KPI cards, charts, insights and feedback tables respond consistently to active filters and handle missing values without producing misleading results. | G15: It emphasized structured JSON, preserving record mapping and avoiding unsupported claims. A prompt alone cannot guarantee valid JSON or correct labels, and the model may still omit fields or misclassify ambiguous text. | H15: I used the structured output requirements in the AI integration and planned to validate the response before displaying it. This helps prevent malformed responses or labels from being attached to the wrong feedback records. | I15: Kept | J15: https://chatgpt.com/s/t_6ac9286775348191b97085e9e24db980
A16: =ROW(A12) -> 12 | B16: 46304 | C16: ChatGPT | D16: ChatGPT 5.6 Luna | E16: Default settings; workbook context used where applicable | F16: Integrate Gemini-based comment classification into the React Training Feedback Analyser using a secure serverless API endpoint. Read the API key from a server-side environment variable, send comments in manageable batches, validate the JSON response, map predictions back to the correct records, handle API failures and keep the API key out of frontend code. The original CSV must remain unchanged. | G16: It offered an efficient way to avoid classifying identical comment text repeatedly while preserving IDs and handling blanks. Repeated wording may have different context across records, and blank comments must not be assigned an invented sentiment. | H16: I treated unique-text classification as an efficiency option, preserved the original record IDs when mapping results back, and kept blank comments separate. This reduces duplicate work without changing the source dataset. | I16: Kept | J16: https://chatgpt.com/s/t_6ac928b2f76881918fb6940355f1228b
... A19: =ROW(A15) -> 15 | B19: 46305 | C19: ChatGPT | D19: ChatGPT 5.6 Luna | E19: Default settings; workbook context used where applicable | F19: Prepare a deployment and testing checklist for the React Training Feedback Analyser using GitHub and Vercel. Verify the production build, serverless API route, environment variables, CSV upload, sentiment classification, filters, chart updates, manual verification accuracy, error messages and responsive design. Include expected results, common failure scenarios and steps for resolving deployment issues. | G19: It covered CSV parsing, header variations, invalid rows and dynamic updates, while explicitly avoiding hardcoded source records. Header matching can still fail with unexpected names, and malformed files require clear feedback rather than silent omission. | H19: I tested the upload flow with the expected dataset and reviewed how headers, missing values and invalid rows are handled. I kept the app data-driven and added or refined validation where errors could otherwise produce empty or incorrect results. | I19: Kept | J19: https://chatgpt.com/s/t_6ac928eb59f48191a6fbb2508f293f33
A20: 17
A21: 18
A22: 19
A23: 20
A24: 21
A25: 22
A26: 23
A27: 24
A28: 25
A29: 26
